Strategy,Model,Accuracy,Precision,Recall,F1-score,ROC AUC
SMOTE,Decision Tree,0.7031340126898673,0.34526431718061673,0.6384928716904277,0.4481772694781987,0.7556529500673174
