Model,Strategy,Accuracy,Precision,Recall,F1-score,ROC AUC
Decision Tree,SMOTE,0.67525475870025,0.33611497450162264,0.7382892057026477,0.4619305511309334,0.7559557457317759
