Model,Strategy,Accuracy,Precision,Recall,F1-score,ROC AUC
Decision Tree,Undersampling,0.6960199961545857,0.35454103933948516,0.7433808553971487,0.48010522854324233,0.7777056222722443
