Strategy,Model,Accuracy,Precision,Recall,F1-score,ROC AUC
Undersampling,Decision Tree,0.704287636992886,0.35916919959473154,0.7219959266802444,0.479702300405954,0.7797066804278385
