Model,Strategy,Accuracy,Precision,Recall,F1-score,ROC AUC
Logistic Regression,Undersampling,0.7167852336089213,0.37455288707204903,0.7464358452138493,0.4988091187478734,0.810120929999049
