Strategy,Model,Accuracy,Precision,Recall,F1-score,ROC AUC
Undersampling,Logistic Regression,0.7167852336089213,0.37455288707204903,0.7464358452138493,0.4988091187478734,0.8101173094849263
