Strategy,Model,Accuracy,Precision,Recall,F1-score,ROC AUC
SMOTE oversampling,Logistic Regression,0.7119784656796769,0.3675564681724846,0.7291242362525459,0.4887372013651877,0.8022130030523347
