Model,Strategy,Accuracy,Precision,Recall,F1-score,ROC AUC
Logistic Regression,SMOTE,0.7133243606998654,0.36995401124169647,0.7372708757637475,0.4926845865940796,0.8022661039261338
