Model,Strategy,Accuracy,Precision,Recall,F1-score,ROC AUC
Random Forest,SMOTE,0.8106133435877716,0.4982618771726535,0.4378818737270876,0.46612466124661245,0.8103282647744733
