Model,Strategy,Accuracy,Precision,Recall,F1-score,ROC AUC
Random Forest,Undersampling,0.7215920015381657,0.38232323232323234,0.7708757637474541,0.5111411208642809,0.8201823387459215
