Strategy,Model,Accuracy,Precision,Recall,F1-score,ROC AUC
SMOTE oversampling,Random Forest,0.8034993270524899,0.4793388429752066,0.4725050916496945,0.4758974358974359,0.8090183627648949
