Strategy,Model,Accuracy,Precision,Recall,F1-score,ROC AUC
Undersampling,Random Forest,0.7183233993462795,0.37845998993457475,0.7657841140529531,0.5065678679690131,0.8179156555375281
