Model,Strategy,Accuracy,Precision,Recall,F1-score,ROC AUC
XGBoost,SMOTE,0.8206114208805999,0.5338865836791148,0.39307535641547864,0.45278592375366566,0.8202195093575807
