Strategy,Model,Accuracy,Precision,Recall,F1-score,ROC AUC
Random undersampling,XGBoost,0.7238992501442031,0.3855846774193548,0.7790224032586558,0.5158462575859744,0.8250951350427631
