Strategy,Model,Accuracy,Precision,Recall,F1-score,ROC AUC
SMOTE oversampling,XGBoost,0.8215727744664487,0.5368852459016393,0.40020366598778007,0.45857642940490084,0.8199549704590183
