Model,Strategy,Accuracy,Precision,Recall,F1-score,ROC AUC
XGBoost,Undersampling,0.7613461538461539,0.42880703683342497,0.7942973523421588,0.5569439485897894,0.8565365531680249
