Model,Strategy,Accuracy,Precision,Recall,F1-score,ROC AUC
XGBoost,SMOTE,0.8401923076923077,0.6098981077147017,0.42668024439918534,0.5020970641102457,0.8540335812283502
