Model,Strategy,Accuracy,Precision,Recall,F1-score,ROC AUC
Decision Tree,Undersampling,0.7180769230769231,0.3793619142572283,0.774949083503055,0.5093708165997323,0.8059209922753711
