Model,Strategy,Accuracy,Precision,Recall,F1-score,ROC AUC
Decision Tree,SMOTE,0.7976923076923077,0.46858168761220825,0.5315682281059063,0.49809160305343514,0.8026203526927078
