Model,Strategy,Accuracy,Precision,Recall,F1-score,ROC AUC
Logistic Regression,Undersampling,0.7603846153846154,0.42609182530795076,0.774949083503055,0.5498554913294798,0.8481778219424271
