Model,Strategy,Accuracy,Precision,Recall,F1-score,ROC AUC
Logistic Regression,SMOTE,0.7634615384615384,0.4283236994219653,0.754582484725051,0.5464601769911505,0.8426216708722872
