Model,Strategy,Accuracy,Precision,Recall,F1-score,ROC AUC
Random Forest,Undersampling,0.7571153846153846,0.4245840042941492,0.8054989816700611,0.5560632688927943,0.8542824902295372
