Model,Strategy,Accuracy,Precision,Recall,F1-score,ROC AUC
Random Forest,SMOTE,0.8369230769230769,0.6091205211726385,0.38085539714867617,0.46867167919799496,0.8454613097393673
